id,title,provider,source_url,local_path,sha256,truth_state,access,license_or_terms,redistribution,status,notes
legacy-app,Preserved legacy compiled simulator,project intake,unknown,legacy.html,7c4d4d56deb5fd2946b03e826ef202851a4448f07c2c17e9aadb3fccd51606c0,ingested,internal,unverified,blocked,preserved-source,"Contains composite embedded data and experimental provider references; not a release artifact"
grid-core-v1,Exact grid geometry extraction,composite EIA/HIFLD/OpenStreetMap/company-map/imagery sources,missing,data/grid-core.json,c4a932964dd064595c9ac9e0ed059700c7cc4da97847983b5d98d0fdb3f7b316,ingested,internal,unverified,blocked,usable-development-only,"244 corridors; 94 substations; 14 plants; source URLs retrieval dates and redistribution terms are incomplete"
terrain-preview-v1,Procedural valley preview terrain,project-generated,not-applicable,app/src/data/geo.ts,not-recorded,reconstructed,public,project-code-only,allowed-with-label,active,"Visual scaffold only; not a USGS DEM or measured surface"
aquifer-preview-v1,Procedural aquifer preview plane,project-generated,not-applicable,app/src/render/ThreeCockpitRenderer.ts,not-recorded,synthetic,public,project-code-only,allowed-with-label,active,"Visual scaffold only; not MODFLOW output or measured groundwater"
usgs-modflow-treasure-valley,Official Treasure Valley MODFLOW 6 archive,USGS,https://doi.org/10.5066/P9U6OOPH,/run/media/madame-butterfly/Toshiba/Treasure_Valley_Model/data/raw/usgs/tvgwfm_2023/model.zip,bdefb11eaf7b75ab63dc0b23b0de4f65fe9d68798c0ff229420322bf8abb0dd6,ingested,public,CC0-1.0,allowed-with-attribution,original-bytes-verified,"Core archive set acquired 2026-09-14; upstream MD5 and ZIP integrity pass; scientific reproduction and acceptance remain open"
usgs-tvgwfm-grid-v1,Compact TVGWFM grid and top-surface extraction,project transform of USGS TVGWFM,https://doi.org/10.5066/P9U6OOPH,app/public/data/tvgwfm-grid.json,aa31d7d82b1bdd1c39a04736dfecba2c7dc5bee52f082f9ff07e3155f65961d1,ingested,public,CC0-1.0,allowed-with-attribution,generated-verified,"Six layers; 64 rows; 65 columns; 4055 active top cells; generated directly from verified model.zip; not a solver result"
tvgwfm-baseline-reproduction,TVGWFM archived-baseline numerical reproduction,project rerun of USGS TVGWFM,https://doi.org/10.5066/P9U6OOPH,receipts/tvgwfm-baseline-reproduction-20260914.json,6a05a0341800b3aae4d4c02767eee1a7ae4b68b8b9d8cad5c3482ad774a50e13,modeled-screening,internal,receipt-metadata,allowed-with-boundary,numerically-reproduced,"361 stress periods; normal termination; rounded budget discrepancy 0.00 percent; max head delta 3.14e-11 feet; new scenarios still require domain review"
tvgwfm-baseline-browser-summary,Public-safe TVGWFM reproduction summary,project transform of reproduction receipt,https://doi.org/10.5066/P9U6OOPH,app/public/data/tvgwfm-baseline-summary.json,59db59bd47e9f0236851918af872ffa11310cd3c8f8e265ba7fe10eaf0e83e6b,modeled-screening,public,CC0-source-plus-project-metadata,allowed-with-boundary,generated-verified,"No machine paths or binary model output; includes acceptance boundary"
tvgwfm-heads-manifest,Biennial six-layer TVGWFM head table manifest,project transform of reproduced USGS TVGWFM,https://doi.org/10.5066/P9U6OOPH,app/public/data/tvgwfm-heads-manifest.json,46a969180d295972225d9ac4a06f335333107664c255b78c41243ecad9e890f7,modeled-screening,public,CC0-source-plus-project-metadata,allowed-with-boundary,generated-verified,"16 snapshots representing 1986-2015; per-layer statistics; exact binary receipt and explicit quantization limits"
tvgwfm-heads-q10,Biennial six-layer TVGWFM quantized head values,project transform of reproduced USGS TVGWFM,https://doi.org/10.5066/P9U6OOPH,app/public/data/tvgwfm-heads-q10.bin,9cae1bee118059857dfbe1bf15d63aa990367e6c3b1e7ee64a66098602287ea3,modeled-screening,public,CC0-1.0,allowed-with-boundary,generated-verified,"399360 uint16 values; 0.1-foot scale; inactive sentinel 65535; original double-precision output remains outside web bundle"
tvgwfm-historical-tables,TVGWFM monthly budget and simulated-observation tables,project transform of reproduced USGS TVGWFM,https://doi.org/10.5066/P9U6OOPH,app/public/data/tvgwfm-timeseries.json,766667906767d95b25199c67151df6b12f609fb9c65d7f5d6f0baee5e377586c,modeled-screening,public,CC0-source-plus-project-metadata,allowed-with-boundary,generated-verified,"361 monthly budget rows; 33 simulated-observation series; outputs are not direct field observations"
historical-water-offline-pack-v1,Immutable browser-safe historical water pack v1,project manifest of reproduced USGS TVGWFM artifacts,https://doi.org/10.5066/P9U6OOPH,app/public/data/offline-pack-manifest.json,b3da0518b269b1f10f96538ce9bb2855d57e42a97088d6cf4fe90d22d754a9ef,modeled-screening,public,project-metadata,allowed-with-boundary,superseded-preserved,"Five local artifacts; 1143499 total source bytes; preserved so cached v1 clients retain an immutable contract"
historical-water-offline-pack-v2,Immutable browser-safe historical water pack v2,project manifest of reproduced USGS TVGWFM artifacts and USGS field measurements,https://doi.org/10.5066/P9U6OOPH,app/public/data/offline-pack-manifest-v2.json,a6b677d56a323b67cebacce077e84a6f91cab83f58850276d9f501ffb817654f,modeled-screening,public,project-metadata,allowed-with-boundary,generated-verified,"Six local artifacts; 1151343 total source bytes; new identity and path prevent cached v1 schema mismatch"
historical-water-offline-pack-v3,Immutable browser-safe historical water pack v3,project manifest of reproduced USGS TVGWFM artifacts and mapped wells,https://doi.org/10.5066/P9U6OOPH,app/public/data/offline-pack-manifest-v3.json,fbc5f785a18dd1b4ed926d47d7cbbad3f6e80495244bf971ab50fccc68ab91d2,modeled-screening,public,project-metadata,allowed-with-boundary,generated-verified,"Eight local artifacts; 1186743 total source bytes; immutable v3 adds mapped-well manifest and binary"
usgs-field-groundwater-1986-2015,Discrete groundwater depth field measurements within TVGWFM footprint,U.S. Geological Survey Water Data APIs,https://api.waterdata.usgs.gov/ogcapi/v0/collections/field-measurements,receipts/usgs-groundwater-field-measurements-20260914.json,9126b8516f0c72dccbd9085674c458e51b878310913060d7fa0a1d2418c8693b,observed,public,US-government-public-domain,allowed-with-attribution,original-api-pages-verified,"19696 irregular discrete readings at 3168 locations; parameter 72019; 1986-2015; two original GeoJSON pages totaling 22544359 bytes preserved on T drive; not yet spatially matched to model cells"
usgs-groundwater-annual-v1,Annual distribution summary of discrete groundwater depths,project transform of USGS Water Data API field measurements,https://api.waterdata.usgs.gov/ogcapi/v0/collections/field-measurements,app/public/data/usgs-groundwater-annual.json,a56073637f80811576cebedaeaefc99b37f6566b522c772c09ea0d1751d2b131,observed,public,US-government-public-domain-plus-project-metadata,allowed-with-attribution,generated-verified,"19619 numeric readings in 30 annual rows; 77 null values explicitly excluded; changing monitoring-location population; not datum-matched to modeled head"
usgs-monitoring-locations-1986-2015,Well elevation and datum metadata for measured groundwater locations,U.S. Geological Survey Water Data APIs,https://api.waterdata.usgs.gov/ogcapi/v0/collections/monitoring-locations,receipts/usgs-monitoring-locations-20260914.json,dfd7143477ca36b50a187dd4c7c64a3479cd49b1fa52308ead073af0d0cce93b,observed,public,US-government-public-domain,allowed-with-attribution,original-api-pages-verified,"3168 of 3168 requested locations; all have altitude; 2920 NAVD88 and 248 NGVD29; 32 original GeoJSON pages totaling 6905294 bytes preserved on T drive"
usgs-groundwater-sites-manifest-v1,Mapped NAVD88 groundwater site point manifest,project transform of verified USGS field and location pages,https://api.waterdata.usgs.gov/ogcapi/v0/collections/field-measurements,app/public/data/usgs-groundwater-sites-manifest.json,79ecd4fdf2bb0ffc8bc66dfafb01be7c3403fe51326ca4bcc77a277f29082bcd,observed,public,US-government-public-domain-plus-project-metadata,allowed-with-boundary,generated-verified,"2849 sites mapped to active TVGWFM cells; no screen-layer assignment or validation residual"
usgs-groundwater-sites-f32-v1,Interleaved mapped groundwater marker coordinates and latest NAVD88 altitude,project transform of verified USGS field and location pages,https://api.waterdata.usgs.gov/ogcapi/v0/collections/field-measurements,app/public/data/usgs-groundwater-sites-f32.bin,9e64d1fed5b76f3270140e8892330f2844ad1c7cc00f228527a59c592322c70b,observed,public,US-government-public-domain-plus-project-metadata,allowed-with-boundary,generated-verified,"2849 longitude latitude and latest water-level-altitude triples; 34188 bytes; visual screening markers only"
idwr-espam,Eastern Snake Plain Aquifer Model,Idaho Department of Water Resources,https://idwr.idaho.gov/hydrologic-projects/eastern-snake-plain-aquifer-model/,not-acquired,,blocked-missing,public,provider-terms-unverified,pending,source-located,"Separate aquifer domain; IDWR lists ESPAM2.2 reports and model files; coupling seam must not imply one continuous calibrated model"
usgs-3dep,USGS 3D Elevation Program terrain,USGS,to-be-verified,not-acquired,,blocked-missing,public,unverified,pending,not-acquired,"Provider terms attribution source date and tile packaging remain to be verified"
esri-imagery,Esri imagery service,Esri,to-be-verified,not-configured,,blocked-missing,service-restricted,provider-terms,no-offline-bundle,not-configured,"Optional online owner-facing layer only after key scope quota and attribution checks"
google-photorealistic-3d-tiles,Google Photorealistic 3D Tiles,Google Maps Platform,to-be-verified,not-configured,,blocked-missing,service-restricted,provider-terms,no-offline-bundle,not-configured,"Optional online visualization only; no extraction analysis or offline pack"
