component,version,category,source,local_path,bundled_in_dist,license,status,constraints
three,0.186.0,runtime library,https://threejs.org/,node_modules/three,yes,MIT,verified,"Retain upstream MIT notice; project license does not relicense the library"
vite,8.3.0,build tool,https://vite.dev/,node_modules/vite,no,MIT,verified,Development dependency only
typescript,6.0.3,compiler,https://www.typescriptlang.org/,node_modules/typescript,no,Apache-2.0,verified,Development dependency only
vitest,5.0.0,test tool,https://vitest.dev/,node_modules/vitest,no,MIT,verified,Development dependency only
eslint,10.10.0,lint tool,https://eslint.org/,node_modules/eslint,no,MIT,verified,Development dependency only
typescript-eslint,8.70.0,lint tool,https://typescript-eslint.io/,node_modules/typescript-eslint,no,MIT,verified,Development dependency only
prettier,3.9.6,format tool,https://prettier.io/,node_modules/prettier,no,MIT,verified,Development dependency only
@eslint/js,10.0.1,lint configuration,https://eslint.org/,node_modules/@eslint/js,no,MIT,verified,Development dependency only
@types/node,24.13.4,type declarations,https://github.com/DefinitelyTyped/DefinitelyTyped,node_modules/@types/node,no,MIT,verified,Development dependency only
@types/three,0.186.0,type declarations,https://github.com/DefinitelyTyped/DefinitelyTyped,node_modules/@types/three,no,MIT,verified,Development dependency only
